38.36,616.0,251.1,5424,598.14,325.0,4.6056,16454,193.2,1006.0
38.4,624.4,252.6,5625,610.47,327.8,4.6134,16060,197.8,1050.0
37.8,623.2,256.4,5643,594.9,330.0,4.635,15400,194.5,1041.2
36.84,638.4,256.14,5661,593.55,329.0,4.6434,15670,192.5,1030.8
37.52,634.8,256.4,5655,589.05,331.0,4.656,15508,190.9,1045.6
38.64,628.8,254.22,5700,578.79,354.1,4.6428,15688,185.8,976.0
36.48,634.4,253.4,5700,578.79,352.0,4.6572,15760,185.5,988.0
36.72,637.6,254.3,5661,580.05,349.0,4.638,15976,185.0,979.4
37.64,641.6,255.4,5676,594.0,345.0,4.6302,15860,184.0,986.0
37.52,644.8,254.1,5604,587.7,344.0,4.644,15938,184.5,1028.0
37.88,649.2,255.5,5715,582.75,344.0,4.6476,15410,183.2,1012.0
38.08,652.0,258.0,5697,574.2,348.2,4.6518,15500,183.5,1002.0
41.0,655.6,258.6,5754,579.6,352.0,4.6572,15764,178.5,988.8
40.24,656.8,258.86,5754,572.85,347.0,4.671,15780,178.7,976.4
39.88,657.2,260.6,5805,585.9,336.2,4.6752,15734,180.2,983.2
41.2,653.6,260.2,5703,582.21,345.5,4.6788,15738,180.5,994.4
41.12,652.4,258.4,5613,563.4,341.0,4.6806,15744,180.3,1008.0
40.84,652.0,260.5,5466,556.2,336.2,4.6806,15692,183.3,1004.0
41.68,652.4,260.7,5385,558.9,330.6,4.686,15786,192.0,1008.8
39.68,629.6,260.4,5319,554.4,335.0,4.692,15680,193.0,1022.8
38.64,627.2,263.1,5238,554.85,334.2,4.6962,15496,193.6,1035.2
35.4,639.6,266.8,5241,561.6,335.0,4.695,15584,192.0,1025.4
35.6,642.0,265.8,5244,562.41,345.6,4.6884,15636,191.0,1023.0
33.88,649.2,267.0,5154,553.95,344.0,4.7076,15548,194.0,1012.4
35.68,649.2,270.0,5166,564.3,338.6,4.713,15592,192.5,1012.8
34.2,655.2,273.6,5184,559.8,336.0,4.7334,15540,191.4,992.0
31.88,656.4,273.4,5094,555.3,332.8,4.7274,15518,197.8,1001.0
33.52,666.0,272.4,5118,553.5,332.9,4.7226,15550,197.1,1018.0
33.56,665.6,274.3,5115,555.3,339.4,4.7334,15544,196.7,1030.4
35.12,662.8,278.2,5130,551.7,339.0,4.7352,15412,197.5,1027.6
34.12,664.0,277.8,5031,553.05,333.4,4.7148,15374,197.6,1031.6
34.6,659.2,271.5,4974,556.11,333.9,4.7214,15358,195.3,1048.4
34.72,668.8,276.5,4965,568.17,335.0,4.725,15410,192.1,1038.0
34.96,657.6,271.52,5004,570.6,335.0,4.7118,15406,201.0,1034.0
34.76,668.0,282.0,5055,557.1,331.1,4.7076,15450,195.2,1051.4
35.08,656.0,283.8,5052,543.15,332.0,4.716,15568,193.2,1067.0
33.2,648.4,281.1,4920,526.5,327.5,4.731,15546,196.5,1059.2
32.8,646.4,281.6,4884,540.0,329.4,4.7334,15504,190.5,1059.2
30.68,646.4,278.0,4950,536.4,340.0,4.7508,15586,187.7,1052.8
31.0,641.2,271.8,4809,540.54,333.9,4.7418,15610,190.0,1058.0
32.16,636.8,267.5,4770,553.5,335.6,4.7646,15594,187.5,1072.0
32.6,643.2,267.5,4800,550.35,335.6,4.7754,15450,189.2,1078.0
33.12,642.8,270.0,4680,555.3,336.2,4.7808,15474,189.0,1072.0
32.8,632.56,267.0,4734,553.5,338.8,4.7826,15498,191.0,1070.8
33.92,635.6,264.2,4782,554.85,335.0,4.7808,15562,192.0,1066.8
34.2,644.0,263.0,4731,549.0,333.4,4.785,15616,186.1,1073.2
33.2,648.0,269.0,4755,543.15,331.0,4.782,15604,186.5,1077.6
33.48,650.0,267.6,4650,549.45,328.2,4.7664,15646,186.7,1076.4
33.16,652.4,269.0,4725,556.65,335.6,4.7736,15720,187.2,1056.8
33.56,656.0,272.0,4515,582.75,338.5,4.7742,15780,187.0,1060.0
32.84,662.0,271.0,4500,567.9,335.7,4.7562,15836,188.8,1067.2
32.64,661.2,270.0,4500,572.49,330.0,4.776,15800,186.7,1062.0
34.32,660.0,267.9,4641,574.65,329.8,4.7808,15784,189.1,1078.0
34.8,655.2,261.5,4635,572.85,337.0,4.7856,15674,188.2,1091.4
34.8,655.2,264.22,4683,567.45,321.0,4.7868,15816,184.6,1079.6
34.36,658.4,263.4,4644,564.3,326.0,4.788,15820,188.0,1084.8
36.0,658.4,265.0,4731,572.4,327.0,4.7988,15842,185.7,1083.6
36.0,659.6,268.0,4797,565.2,330.0,4.8072,15980,185.7,1068.8
35.12,658.0,266.4,4791,570.6,331.8,4.8108,15984,186.3,1054.0
35.64,664.0,268.6,4821,562.5,330.0,4.815,16180,184.5,1029.6
36.2,664.4,269.96,4704,558.45,329.6,4.8372,16128,187.8,1044.4
36.16,663.2,269.7,4734,563.85,334.1,4.8372,16066,189.0,1042.4
35.92,662.0,266.3,4785,570.6,333.4,4.8438,16212,189.5,1031.2
35.8,652.8,268.5,4734,569.7,335.4,4.8444,16236,187.8,1031.0
34.4,634.8,270.2,4665,551.25,341.2,4.812,16130,193.6,1030.4
33.8,636.8,266.84,4593,547.2,338.5,4.8252,16074,195.0,1040.8
34.48,637.2,267.5,4677,552.15,342.0,4.8144,15962,194.8,1072.0
34.6,637.6,266.6,4608,553.68,340.6,4.7982,16010,193.8,1072.0
35.0,642.0,266.3,4617,557.1,341.8,4.8168,15852,193.4,1083.2
34.88,646.8,266.6,4560,561.15,337.5,4.8318,15902,195.2,1083.6
35.12,638.8,266.8,4536,569.7,339.5,4.845,15872,192.5,1090.6
35.12,636.4,268.78,4575,567.45,339.2,4.8348,15936,192.3,1068.0
34.6,634.4,271.2,4590,566.1,339.1,4.857,16216,191.4,1039.0
34.24,637.6,270.2,4515,558.9,340.2,4.8624,16184,192.0,1032.0
34.52,634.0,270.0,4572,567.9,343.6,4.8582,16168,190.8,1042.0
34.92,631.6,269.2,4671,571.5,342.5,4.8642,16226,189.1,1030.6
34.52,634.4,269.2,4620,577.26,341.0,4.866,16184,190.7,1031.6
34.0,636.4,269.0,4551,583.65,337.8,4.848,16120,189.5,1030.4
34.68,635.2,269.1,4605,581.4,336.8,4.8612,16106,189.0,1047.8
35.76,640.0,269.7,4689,583.38,338.0,4.872,16138,190.0,1055.0
34.6,643.6,269.0,4695,586.8,338.5,4.8744,16040,191.5,1058.8
33.88,644.8,265.5,4686,589.5,339.6,4.8732,16090,188.0,1051.2
32.4,627.2,262.4,4740,592.2,340.2,4.8762,16102,187.0,1053.6
34.0,629.2,262.0,4725,594.45,342.0,4.8732,16014,189.5,1048.0
32.8,632.0,263.5,4740,597.87,341.4,4.8498,16080,188.0,1050.8
33.48,635.2,265.0,4785,598.5,343.2,4.8372,16046,187.5,1052.0
33.2,637.2,265.02,4728,600.75,344.0,4.8534,16124,186.8,1038.4
33.6,638.4,268.5,4728,603.0,342.8,4.8558,16088,186.8,1036.0
33.92,639.6,268.1,4830,555.57,340.4,4.839,16098,185.2,1031.6
35.44,643.6,269.0,4800,566.55,343.0,4.8408,16116,185.0,1032.4
35.36,641.2,268.0,4770,567.0,344.5,4.8432,16156,181.0,1023.2
36.32,642.0,270.5,4665,562.95,344.0,4.8678,16100,180.0,1014.2
36.44,645.36,268.0,4695,577.35,344.0,4.8648,16106,181.7,1020.8
37.28,646.4,264.0,4806,592.65,347.4,4.8648,16066,189.0,1033.2
37.0,647.2,260.5,4782,596.25,346.0,4.8432,16068,186.0,1042.0
36.88,648.16,263.4,4851,595.8,329.0,4.833,15966,187.0,1020.4
36.44,649.6,264.6,5019,592.2,331.6,4.8246,16060,188.8,1002.4
37.8,647.2,266.48,5016,581.22,330.7,4.8252,16038,188.5,1015.6
37.8,647.6,266.8,5031,583.02,333.5,4.8204,16056,187.0,1014.0
37.44,648.4,262.9,4986,585.9,334.8,4.8294,16134,186.8,1005.6
37.0,647.2,262.0,5148,592.65,331.6,4.8204,16102,188.9,1020.0
36.6,647.6,260.8,5001,587.25,332.6,4.848,16078,188.9,1015.2
36.84,612.0,260.52,4815,588.15,334.6,4.8366,16048,190.2,1016.4
38.24,607.2,265.0,4830,595.8,336.4,4.848,16024,197.0,1014.4
38.72,612.8,269.2,4833,603.18,335.6,4.86,16010,199.0,1056.0
39.0,610.0,265.7,4764,596.52,336.8,4.8654,15884,196.5,1066.0
38.88,612.4,270.8,4761,595.35,338.5,4.8762,15926,197.5,1070.8
40.8,602.4,276.0,4755,604.8,342.8,4.869,15838,200.0,1064.4
40.76,602.8,275.4,4746,611.55,348.5,4.869,15920,205.8,1065.6
39.8,608.4,276.0,4701,592.2,348.2,4.911,15984,206.7,1064.8
38.72,604.56,273.6,4617,594.45,345.6,4.9092,15978,209.2,1088.6
40.24,600.0,279.5,4665,596.7,347.6,4.929,16010,206.8,1088.8
39.92,601.2,275.0,4608,599.85,349.8,4.9098,15964,207.0,1085.6
38.52,594.0,270.0,4650,597.6,351.2,4.902,16110,207.0,1102.0
39.32,584.0,268.0,4668,605.43,347.4,4.899,15968,203.5,1096.0
39.24,562.16,274.2,4680,622.8,349.7,4.9176,16034,200.8,1086.8
38.68,575.6,274.2,4500,613.89,350.1,4.923,16030,199.0,1087.6
42.32,563.2,275.5,4560,621.0,352.3,4.9392,15986,193.0,1082.0
43.6,564.0,271.2,4515,624.6,352.0,4.9542,15956,196.1,1093.2
44.12,572.0,272.3,4560,614.25,350.3,4.9332,15700,194.0,1115.6
43.4,562.56,270.2,4554,608.4,350.0,4.956,15648,193.5,1111.6
43.28,564.8,266.0,4650,588.6,355.5,4.965,15532,194.5,1110.8
44.6,559.2,264.0,4560,608.4,362.7,4.923,15362,194.5,1096.0
52.8,577.6,266.5,4575,616.5,377.2,4.9668,15440,193.0,1082.4
48.6,596.4,264.1,4635,581.4,373.6,4.9254,15146,197.5,1100.6
52.4,596.4,261.0,4635,580.05,375.8,4.926,15102,200.0,1096.4
51.0,581.6,265.0,4710,593.1,376.5,4.9062,14992,205.0,1105.2
53.0,588.0,265.0,4680,591.75,376.0,4.929,14980,203.3,1086.0
52.48,599.2,265.3,4725,585.9,374.0,4.95,15072,197.3,1113.0
56.52,592.0,268.0,4950,601.65,379.0,4.9644,15286,196.5,1086.0
53.4,598.4,269.5,4950,538.65,380.0,4.9638,15210,200.4,1085.6
52.8,598.4,271.3,4815,533.25,382.0,4.9572,15124,201.2,1088.4
53.0,607.2,270.0,4911,537.75,386.5,4.959,15172,202.9,1088.4
56.48,602.4,272.0,4905,522.0,381.0,4.9548,15170,200.2,1080.0
59.92,584.8,273.0,4905,523.35,383.0,4.9566,15120,197.7,1085.0
62.0,593.2,273.5,4734,519.75,387.3,4.9536,15040,195.0,1087.8
58.4,608.0,271.2,4596,511.47,392.4,4.944,14878,190.0,1089.6
57.6,612.0,267.5,4608,512.1,376.5,4.98,15030,191.3,1088.8
61.04,607.2,273.0,4680,518.4,372.5,5.007,15072,188.0,1083.2
55.2,605.6,276.22,4746,524.7,374.8,5.01,15188,190.3,1080.8
54.8,611.2,274.6,4668,525.6,378.5,5.0064,15376,193.5,1068.0
58.6,619.2,275.44,4611,525.6,374.2,4.9656,15250,192.0,1053.6
54.88,623.2,277.8,4593,521.55,374.5,4.935,15214,188.0,1058.0
48.6,623.2,266.0,4464,515.7,367.5,4.9368,15096,187.6,1064.8
44.4,629.6,249.5,4560,509.04,372.0,4.9578,15230,187.5,1053.6
44.6,637.2,246.0,4509,506.25,376.0,4.9464,15152,186.3,1070.0
47.2,623.6,250.2,4425,506.25,374.8,4.95,15108,183.5,1094.8
45.8,624.8,218.0,4425,504.45,377.6,4.9704,15156,181.5,1094.6
47.16,625.2,227.66,4440,495.0,372.5,4.9716,15104,179.8,1089.6
47.6,626.8,229.2,4500,485.1,381.0,4.9716,15100,182.5,1102.8
47.0,635.2,237.0,4500,488.7,389.0,4.968,15084,181.7,1084.0
46.92,637.6,230.0,4545,485.55,389.5,4.95,14996,181.2,1091.0
46.32,634.4,231.0,4509,491.85,395.9,4.944,15032,180.2,1081.2
45.68,638.96,236.5,4377,502.65,388.0,4.902,14926,178.0,1067.2
46.0,649.2,238.0,4254,507.6,388.2,4.8972,15002,175.0,1053.6
47.2,641.6,235.5,4170,479.52,390.0,4.9038,15062,175.3,1049.2
41.72,650.0,234.5,4083,463.77,403.5,4.9056,15082,176.0,1050.0
43.2,654.56,233.5,4035,478.8,400.0,4.905,15066,176.0,1031.6
41.36,655.6,237.0,4005,472.5,398.0,4.8672,15042,177.5,1044.0
40.6,656.8,239.0,4020,478.8,390.0,4.8732,15090,177.0,1045.8
41.2,656.0,245.0,3906,474.3,389.0,4.8984,15036,177.5,1049.4
40.16,656.0,249.0,3900,478.8,381.4,4.8738,14980,177.3,1046.8
40.64,650.8,250.5,3960,453.15,380.8,4.866,14990,170.6,1032.0
40.68,653.2,245.0,3990,456.12,380.8,4.8738,14958,172.5,1029.0
41.88,652.8,253.36,3960,454.05,385.6,4.8612,15070,173.0,1038.4
41.28,655.2,253.2,3750,454.5,382.0,4.8498,14974,171.8,1038.0
40.6,657.2,248.5,3798,472.5,383.8,4.8432,14928,175.2,1042.8
40.04,657.6,243.0,3807,482.4,383.7,4.8372,14914,178.3,1052.4
40.2,651.6,238.0,3840,477.9,381.4,4.8438,14698,178.5,1055.2
41.0,651.2,248.0,3576,477.0,384.5,4.842,14660,178.3,1040.4
42.2,647.2,244.2,3480,479.25,383.0,4.8456,14632,179.5,1050.4
42.4,649.6,247.3,3570,490.5,388.0,4.8612,14788,182.0,1061.2
41.64,648.0,258.0,3600,494.46,387.8,4.8408,14982,181.5,1069.6
39.64,651.6,260.0,3609,490.05,387.2,4.8384,14960,177.0,1062.4
39.8,646.0,252.0,3588,495.9,388.8,4.8414,15040,177.6,1064.0
39.48,637.2,261.5,3660,494.1,384.0,4.842,14972,176.6,1066.4
39.52,640.0,258.0,3711,485.1,384.8,4.8492,15026,177.8,1060.0
40.92,634.0,250.0,3624,502.2,384.0,4.8978,14972,179.5,1074.8
41.84,635.6,243.0,3570,496.8,380.0,4.9026,14930,180.5,1075.8
42.2,638.8,249.0,3573,491.85,378.0,4.9062,14906,174.2,1078.4
39.8,633.6,247.0,3525,473.04,377.9,4.9098,14942,172.0,1087.4
38.68,639.6,245.5,3546,473.4,352.0,4.8948,15058,175.2,1085.0
38.6,641.6,252.8,3585,465.75,348.0,4.8984,15012,173.2,1089.2
39.2,638.0,252.8,3711,475.2,349.2,4.9002,14994,172.0,1091.6
40.16,632.8,250.0,3588,480.15,352.5,4.896,14976,171.2,1084.8
40.04,635.2,254.5,3459,474.3,351.4,4.8846,14938,172.3,1085.6
38.2,641.36,254.5,3405,465.75,351.7,4.9008,14976,173.6,1088.4
39.0,640.0,261.76,3378,468.0,354.6,4.8954,15012,173.3,1080.0
37.88,642.0,258.8,3315,471.6,358.0,4.8984,15020,170.6,1087.6
38.4,652.8,261.9,3336,480.6,358.9,4.914,14990,176.9,1102.8
37.8,657.6,257.0,3309,488.7,360.4,4.929,15084,174.3,1096.0
36.88,660.4,251.4,3417,499.05,360.8,4.9362,15126,173.2,1092.4
37.64,656.4,248.2,3519,498.6,363.8,4.9542,15072,174.1,1093.2
37.92,654.8,246.6,3696,503.1,359.0,4.9404,15100,174.1,1093.6
37.36,654.8,249.5,3750,506.25,358.5,4.941,15074,175.4,1104.8
37.76,658.4,244.6,3870,476.1,358.0,4.95,15208,175.0,1121.2
36.64,654.0,249.8,3819,486.9,359.5,4.9506,15370,176.5,1119.2
37.6,653.6,247.3,3615,489.15,363.4,4.9236,15582,176.5,1112.4
38.72,655.2,244.0,3810,482.4,354.0,4.9386,15708,179.0,1100.8
39.12,656.0,245.4,3699,495.9,379.0,4.9566,15772,179.8,1114.0
38.6,655.2,246.9,3825,498.15,379.4,4.9578,15804,177.3,1106.0
39.6,656.0,250.0,3900,489.6,374.6,4.974,15830,178.7,1115.2
38.72,654.8,248.4,4053,483.75,379.2,4.977,15824,177.8,1125.0
38.96,654.8,250.5,4095,488.25,375.9,4.9902,15862,178.3,1114.0
40.4,654.0,250.5,3975,484.02,374.0,4.9824,15888,178.5,1135.2
41.0,654.4,252.6,4098,498.6,378.0,5.001,15872,178.0,1140.0
41.04,655.2,250.4,4089,507.6,379.0,4.9782,15836,179.0,1133.6
40.68,654.0,253.0,3915,503.55,376.6,4.9788,15874,179.0,1133.4
41.4,652.4,253.0,3879,496.98,372.0,4.986,16032,178.8,1127.2
41.52,653.2,250.5,3873,506.7,370.5,4.9698,15946,177.6,1117.6
40.88,654.4,246.5,3996,498.24,369.8,4.911,16128,176.5,1116.4
42.16,655.6,246.5,4017,495.54,372.3,4.8852,16030,177.6,1115.8
41.92,652.16,249.24,4005,504.0,373.5,4.8864,16126,176.3,1117.2
42.44,653.2,251.46,4065,504.9,374.7,4.887,16178,175.3,1125.6
41.84,648.56,251.0,4005,500.94,373.1,4.8948,16152,173.6,1111.2
40.68,652.0,250.02,4218,504.9,372.6,4.836,16106,172.0,1102.8
40.96,654.0,254.0,4185,498.24,371.0,4.848,16046,171.7,1104.4
40.32,649.6,252.2,4284,494.1,369.8,4.8516,16136,172.0,1096.2
41.0,648.8,255.0,4188,504.0,370.0,4.8852,16182,169.3,1096.2
41.04,648.8,256.0,4305,501.3,368.0,4.902,16298,170.0,1090.0
40.32,651.76,256.5,4200,503.55,368.0,4.8768,16236,170.4,1077.2
41.44,653.36,255.0,4140,502.2,368.0,4.8552,16260,170.8,1072.8
40.88,656.0,252.8,4092,497.7,360.0,4.8606,16312,174.7,1075.2
40.4,653.6,253.7,4206,491.85,337.2,4.8642,16468,177.0,1067.0
39.76,662.4,249.3,4140,475.65,337.0,4.8564,16358,180.5,1062.0
40.64,655.6,251.9,4170,476.1,340.0,4.9218,16386,179.2,1064.0
40.68,652.4,253.0,4320,474.84,341.5,5.0028,16518,179.8,1065.0
42.56,654.4,251.0,4305,477.45,341.5,4.98,16502,179.5,1073.6
44.44,664.0,250.5,4380,503.73,334.0,5.0298,16414,180.8,1072.4
44.04,661.2,246.8,4305,505.62,333.0,5.019,16466,178.0,1077.0
45.0,661.2,248.5,4275,507.96,330.5,5.0496,16416,176.5,1085.2
44.56,660.4,248.12,4275,517.5,330.1,5.055,16494,175.9,1093.8
46.08,665.2,251.0,4239,520.65,330.6,5.0448,16498,174.9,1084.8
46.0,660.0,251.0,4305,532.8,328.6,5.0628,16520,175.7,1090.8
45.28,661.6,251.0,4350,532.8,327.7,5.049,16494,176.2,1103.2
44.2,658.0,250.5,4200,519.75,330.2,5.0172,16312,176.6,1115.2
45.4,655.6,251.0,4230,523.35,331.2,5.019,16330,176.6,1110.0
45.12,657.6,253.4,4200,516.15,331.0,5.028,16340,177.8,1109.0
47.56,664.0,258.0,4155,528.75,332.0,4.992,16316,179.5,1112.0
46.88,671.2,262.0,4080,525.15,337.5,5.001,16256,178.3,1103.2
46.52,672.0,264.0,4050,520.2,333.4,4.9908,16234,178.2,1101.4
46.08,674.4,280.0,4173,521.1,333.8,4.9944,16264,179.9,1101.2
43.28,671.6,272.0,4128,524.97,335.4,4.9704,16078,178.8,1099.64
44.08,676.0,300.0,4254,526.32,335.8,4.9968,16132,178.7,1117.2
43.36,670.0,295.0,4314,526.5,328.0,4.9836,16176,181.0,1135.2
44.68,670.8,315.0,4533,531.0,325.2,4.9818,16216,182.0,1124.0
43.92,672.56,299.0,4530,530.1,326.0,4.9932,16214,180.5,1122.4
44.12,671.2,300.5,4542,530.73,324.8,5.0052,16200,180.8,1121.6
44.64,675.6,298.7,4575,530.1,321.2,5.0022,16190,181.6,1121.2
44.44,672.96,298.0,4464,520.65,325.0,5.001,16084,181.1,1121.8
44.76,674.4,312.5,4485,521.1,319.0,5.0136,16070,180.9,1122.0
44.44,673.2,320.5,4503,519.75,318.0,5.0154,16166,180.9,1129.6
44.0,672.0,322.2,4650,526.95,314.1,5.0334,16320,180.5,1116.0
41.76,673.6,327.5,4566,508.68,311.0,5.0148,16180,179.6,1112.0
41.52,673.6,323.0,4431,508.95,312.0,5.0328,16110,178.9,1130.4
40.6,677.2,327.0,4266,523.35,311.4,5.0208,15954,182.2,1134.0
41.4,676.8,307.5,4215,534.15,314.8,4.9974,15940,183.5,1135.2
41.4,680.4,290.0,4155,536.4,314.5,4.9926,16022,183.4,1138.0
40.16,680.0,299.5,4065,536.85,312.7,4.9776,15960,185.7,1130.4
39.12,680.0,281.0,3948,536.4,312.0,4.9974,16000,185.0,1138.0
39.6,680.0,277.0,4029,532.98,312.0,4.98,15888,184.0,1141.2
39.36,678.4,276.0,4020,540.0,306.0,4.9938,15766,190.4,1147.6
40.64,679.2,284.0,4020,537.3,302.0,4.9998,15802,189.2,1145.4
39.44,678.8,281.5,3945,538.65,298.5,5.0004,15750,190.0,1145.2
39.8,677.6,288.0,4044,538.2,295.0,5.0262,15538,191.5,1154.4
39.84,674.0,286.2,4176,529.11,276.0,5.043,15680,190.0,1155.6
39.44,672.0,281.2,4335,532.35,282.8,5.0322,15700,186.6,1156.6
38.72,668.0,276.5,4476,529.2,281.6,5.0472,15860,187.3,1147.4
37.48,668.4,267.8,4413,529.47,273.7,5.0634,15772,186.2,1163.2
37.84,668.4,271.6,4350,525.15,274.6,5.058,15724,182.8,1161.8
37.72,659.2,279.0,4416,535.5,269.6,5.0514,15656,183.8,1179.6
38.68,665.6,269.0,4464,541.8,282.0,5.055,15476,184.2,1188.8
39.36,672.8,273.6,4308,538.2,282.4,5.064,15548,183.0,1188.4
41.52,675.2,265.06,4299,538.65,282.5,5.0544,15450,185.4,1192.8
41.56,679.6,265.0,4494,540.45,280.2,5.0358,15534,184.2,1196.0
40.68,676.0,267.2,4497,529.38,277.2,5.022,15534,183.5,1189.6
39.96,678.8,270.0,4452,527.76,274.5,5.0622,15480,185.4,1192.2
41.2,675.2,276.5,4605,534.6,270.1,5.067,15530,184.6,1189.2
40.52,676.0,281.0,4554,534.87,273.5,5.0574,15520,185.6,1208.0
41.68,663.36,276.5,4506,528.93,277.5,5.067,15634,187.4,1195.6
42.48,651.36,278.4,4545,518.4,268.4,5.064,15780,185.4,1187.2
41.36,658.8,265.72,4605,525.15,271.3,5.055,15630,186.0,1174.4
40.6,662.0,261.2,4560,521.19,274.0,5.0622,15760,186.8,1181.6
42.0,657.6,257.4,4920,519.93,278.0,5.0664,15916,189.0,1173.4
42.4,654.0,267.0,4920,522.0,274.7,5.0664,15856,189.6,1187.2
43.8,658.0,258.5,4866,514.8,278.0,5.031,15956,188.3,1185.2
46.52,669.2,258.48,4920,516.15,278.2,5.0334,15756,187.7,1194.0
45.36,673.2,252.5,4821,531.0,283.8,5.0046,15832,187.5,1186.8
44.84,674.4,257.0,4800,524.25,283.0,5.007,15908,186.1,1163.2
44.08,670.4,255.5,4875,526.41,277.5,4.9992,15840,185.1,1172.4
44.4,668.4,256.0,4875,528.3,275.5,4.9902,15892,182.2,1151.6
44.6,660.4,255.5,4833,535.05,278.0,5.0022,15746,182.9,1156.4
46.12,662.0,259.8,4740,529.65,282.0,5.0112,15640,181.3,1162.4
44.32,659.6,260.5,4695,529.2,281.4,5.0118,15618,180.7,1152.8
44.2,660.4,265.6,4665,530.55,283.4,5.0268,15644,182.0,1162.0
45.52,658.4,268.0,4665,529.2,284.5,5.034,15602,181.5,1170.6
45.44,655.6,268.0,4545,522.0,283.8,5.0124,15546,182.2,1181.2
45.4,656.0,266.0,4650,525.96,280.4,4.9944,15550,181.5,1176.0
47.92,653.2,261.5,4716,546.39,281.1,4.995,15496,183.7,1178.4
48.08,646.56,268.0,4680,552.15,284.5,5.0106,15494,179.6,1176.0
47.84,649.6,268.7,4575,554.13,286.5,5.0076,15396,178.1,1175.6
49.16,651.2,268.0,4620,552.15,288.0,4.9872,15606,176.8,1187.0
49.4,648.96,263.2,4740,550.8,287.8,4.9986,15580,175.5,1182.0
48.32,646.4,269.0,4395,551.52,289.2,4.992,15548,181.5,1191.2
49.4,634.8,271.5,4386,556.11,289.0,4.9992,15462,181.5,1195.4
48.96,638.4,274.5,4305,562.05,297.1,4.9992,15380,181.9,1180.4
49.4,639.6,259.5,4191,553.5,299.6,4.9998,15416,182.2,1180.0
48.2,637.6,255.6,4320,553.59,303.8,5.0238,15416,183.4,1179.6
45.6,637.6,255.9,4326,555.3,298.8,5.0304,15500,182.0,1180.0
44.8,649.2,256.1,4275,554.85,326.0,5.016,15274,182.6,1165.6
44.76,656.8,251.6,4269,550.08,320.0,5.0088,15282,184.4,1180.8
45.76,657.2,251.7,4260,551.7,325.9,5.0046,15242,183.0,1180.0
48.08,653.6,252.8,4266,552.6,326.0,5.0052,15296,183.7,1186.0
47.36,652.4,253.6,4245,553.5,324.5,5.0058,15304,183.8,1188.0
50.2,650.0,255.0,4284,563.4,331.5,5.019,15298,183.2,1192.2
51.0,639.6,256.6,4200,566.55,334.5,5.031,15438,186.5,1196.0
49.28,638.4,262.22,4050,569.25,335.4,5.0232,15352,184.9,1197.8
49.6,639.2,265.5,3975,571.95,330.1,5.0094,15290,175.2,1194.0
50.88,628.0,263.8,3906,570.6,328.5,5.016,15324,176.6,1189.6
48.96,621.36,268.0,3900,568.71,325.5,5.028,15246,178.3,1203.6
47.36,618.16,270.5,3981,576.9,337.0,5.0274,15236,177.5,1201.6
48.6,617.36,265.8,3885,582.3,339.6,5.0268,15210,176.3,1208.0
47.72,610.0,267.0,3855,581.4,336.0,5.034,15236,176.8,1204.8
48.24,604.4,270.5,3780,585.9,335.4,5.0298,15240,177.0,1209.2
47.2,606.8,265.7,3930,578.7,342.1,5.0424,15296,179.3,1215.6
48.92,609.6,278.0,3984,580.32,349.3,5.037,15266,178.5,1230.0
49.4,610.0,276.0,3996,591.3,355.0,5.037,15288,176.7,1232.0
50.72,604.8,280.0,4005,589.05,358.0,5.0508,15274,177.5,1242.2
50.6,602.8,278.2,3990,579.15,353.0,5.0442,15354,174.8,1239.2
50.12,608.0,283.0,3960,583.2,349.8,5.0352,15372,171.7,1246.0
50.64,605.36,284.4,3981,580.5,351.0,5.0256,15352,173.1,1247.4
49.84,604.8,286.0,3900,584.1,348.0,5.0214,15306,173.2,1237.0
48.2,603.2,283.5,3810,580.5,348.6,4.992,15224,170.4,1236.2
48.64,610.0,275.0,3675,578.97,349.5,5.0364,15174,173.7,1247.0
46.4,609.2,268.5,3675,574.65,354.5,5.0406,15026,173.0,1238.0
49.32,612.4,268.0,3735,577.35,361.6,5.0514,15018,174.3,1247.2
48.52,613.6,270.0,3786,584.1,369.5,5.0598,15014,176.0,1237.0
48.64,613.6,273.0,3675,598.5,371.5,5.0538,15046,174.5,1239.2
49.76,615.2,272.0,3672,603.0,371.2,5.046,15002,175.3,1246.8
48.92,617.6,275.0,3636,611.55,378.0,5.0526,14952,173.5,1234.0
49.52,617.2,283.0,3597,604.8,380.1,5.0436,14926,172.4,1232.8
49.08,617.2,284.2,3675,600.3,380.0,5.052,14970,173.9,1227.0
50.4,617.6,271.5,3675,605.7,382.5,5.046,14896,175.4,1232.4
51.2,618.16,269.5,3690,610.2,386.0,5.037,14788,176.5,1254.6
49.8,619.6,277.0,3690,610.65,380.0,5.0136,14622,176.0,1266.0
49.8,618.56,279.4,3441,606.6,377.0,5.0358,14686,181.8,1272.0
50.48,618.0,292.5,3375,600.3,372.0,5.0262,14604,178.0,1271.2
49.72,617.6,280.0,3450,607.05,368.0,5.016,14406,178.8,1275.0
49.32,615.2,269.2,3555,609.3,364.5,5.0256,14470,180.0,1283.6
48.24,616.0,268.0,3714,604.62,357.0,4.9956,14146,180.7,1298.0
47.08,617.6,266.5,3762,601.38,371.0,5.0004,14186,180.0,1290.4
45.72,616.4,268.1,3750,603.0,363.0,4.9902,14094,180.2,1279.6
45.0,616.0,265.5,3825,606.6,368.0,4.959,14096,180.2,1276.8
45.4,622.0,270.6,3804,602.46,368.4,4.974,14334,179.4,1282.0
44.48,617.2,264.0,3504,608.85,370.7,4.9608,14004,181.2,1294.0
44.28,612.0,268.5,3426,611.55,373.5,4.971,14058,178.6,1280.4
43.84,612.4,259.6,3384,607.05,381.6,4.9614,14066,180.6,1283.2
45.84,623.2,262.0,3456,604.8,380.8,4.971,14110,181.6,1298.0
44.88,620.8,258.4,3450,599.76,379.0,4.9848,14176,182.2,1305.6
44.04,632.4,252.8,3405,582.75,376.8,4.9848,13984,183.5,1293.6
45.0,630.8,256.5,3525,576.9,359.0,4.9986,14064,183.5,1303.2
46.2,632.8,258.0,3525,570.15,359.0,5.0064,14002,182.5,1312.0
47.0,633.2,261.0,3516,578.16,356.8,5.013,13818,181.5,1310.0
46.28,641.2,255.8,3465,591.75,351.0,4.989,13450,183.0,1304.0
47.72,644.4,238.0,3504,618.75,349.4,4.9908,13490,183.5,1302.4
47.6,646.0,224.4,3510,615.42,359.0,5.004,13424,182.7,1299.6
49.4,644.4,232.2,3411,620.1,356.5,4.9914,13246,182.8,1293.8
50.8,648.8,242.0,3420,616.05,352.8,5.0052,13626,182.4,1272.44
53.2,657.6,232.7,3360,622.8,349.0,5.0112,13770,183.4,1304.0
51.92,654.4,232.0,3390,607.5,354.5,4.971,14092,184.5,1306.8
52.28,650.8,235.4,3405,611.55,356.0,4.9722,13926,184.7,1304.0
54.6,649.6,234.0,3435,615.6,360.0,4.9956,14310,184.5,1298.0
55.2,650.4,239.0,3543,616.95,363.8,5.0112,14500,185.5,1317.2
53.92,650.16,228.0,3630,600.03,363.8,4.9896,14412,185.8,1329.0
54.84,652.0,221.8,3660,603.9,373.0,4.9926,14296,182.9,1327.6
56.0,649.6,224.5,3630,611.1,362.5,4.9908,14118,182.2,1328.0
54.56,650.0,212.0,3615,599.4,353.0,4.9878,14190,181.5,1314.8
57.2,648.8,226.0,3585,599.4,348.0,4.9896,14028,180.8,1292.0
58.6,638.4,189.5,3672,613.8,361.5,5.0046,14418,180.8,1284.6
52.08,643.2,194.0,3615,615.6,361.0,5.0076,14496,182.5,1298.0
53.8,648.0,172.0,3645,615.6,356.0,5.0064,14454,183.0,1302.0
52.2,646.0,176.0,3675,637.2,360.5,5.0214,14536,182.3,1317.2
52.4,646.8,176.0,3645,635.85,357.7,5.004,14434,183.0,1328.0
50.2,651.2,174.1,3624,640.08,355.2,5.0148,14332,182.8,1325.6
50.96,652.8,174.5,3624,654.66,355.2,5.0136,14420,184.5,1335.6
54.6,663.2,171.0,3750,654.93,354.0,5.0058,14414,188.2,1334.6
55.32,662.8,171.8,3906,658.8,342.0,5.01,14212,187.2,1340.8
55.44,669.6,172.2,3975,662.4,326.0,5.01,14096,184.9,1338.0
57.56,667.6,174.0,3912,665.1,326.4,5.0178,14230,186.0,1341.0
58.4,669.2,176.5,3879,664.2,312.0,5.028,14190,186.5,1354.2
57.72,669.2,177.0,3939,665.1,308.2,5.0262,14214,187.9,1339.4
57.04,670.4,171.5,3864,659.07,313.0,5.0232,14120,191.0,1350.0
54.64,670.4,167.5,3849,657.9,317.6,5.0268,14130,190.9,1346.4
57.0,665.6,170.5,3894,670.86,315.0,5.0316,14296,189.6,1344.0
57.2,667.2,171.6,3861,675.81,314.5,5.0502,14446,190.0,1367.6
58.8,664.4,167.3,3861,670.5,314.6,5.0436,14426,190.2,1379.8
58.6,665.2,164.0,3867,673.2,316.0,5.055,14640,189.2,1377.6
56.88,667.6,158.6,3768,675.45,319.5,5.0634,14710,190.6,1396.0
56.68,667.2,163.1,3984,673.65,319.4,5.085,14716,189.0,1379.0
57.8,668.8,164.2,3936,676.35,314.1,5.0826,14734,187.9,1387.2
58.24,672.0,164.1,3975,674.46,312.4,5.0964,14580,185.8,1380.0
56.4,675.2,161.5,3876,668.25,307.0,5.0832,14344,185.0,1389.2
55.8,677.2,166.0,3900,664.2,308.0,5.1,14460,187.2,1408.8
55.0,676.4,166.06,3840,673.2,309.8,5.109,14420,185.7,1403.2
56.32,679.2,162.1,3891,674.55,310.8,5.088,14444,185.4,1391.2
55.48,678.4,158.0,3846,676.35,319.0,5.0988,14226,186.0,1410.0
57.12,680.8,154.0,3801,666.0,315.2,5.085,14148,185.7,1385.8
54.28,679.76,154.0,3756,657.45,320.5,5.0634,14098,185.8,1383.6
54.0,676.0,154.5,3645,660.42,327.0,5.0718,14104,185.3,1392.0
54.68,677.76,156.5,3585,675.9,319.5,5.0694,14040,183.7,1388.0
54.24,676.4,155.3,3525,665.28,318.8,5.0742,14008,182.8,1382.8
53.72,676.4,153.5,3408,675.0,326.5,5.088,14048,183.1,1391.2
54.2,673.36,159.0,3300,680.4,323.4,5.1018,14028,183.1,1364.8
55.88,673.6,160.2,3399,686.7,323.6,5.094,14046,183.5,1373.8
55.84,674.0,164.0,3315,687.15,322.0,5.085,13980,183.5,1388.0
55.52,672.8,157.8,3351,688.86,321.5,5.0964,13970,184.2,1412.4
55.12,670.0,160.0,3204,679.95,317.0,5.0934,13880,183.8,1405.6
53.2,667.2,166.0,3231,674.1,317.6,5.115,13950,183.0,1411.8
52.52,668.4,170.76,3372,666.45,318.0,5.1024,13990,183.0,1403.2
53.56,668.0,171.9,3426,668.7,321.4,5.088,13840,183.7,1408.8
53.04,661.2,175.0,3420,657.9,320.0,5.0808,13804,185.0,1405.8
52.88,658.4,174.5,3285,649.8,319.0,5.0622,13632,184.8,1415.0
53.52,655.2,168.0,3180,657.9,321.3,5.082,13678,185.0,1410.4
52.52,656.8,168.4,3210,642.6,318.0,5.0616,13600,184.7,1402.0
54.2,660.4,175.8,3210,654.12,317.0,5.055,13666,186.0,1393.6
53.6,656.4,176.0,3270,649.35,316.8,5.0472,13570,186.1,1393.2
54.48,658.4,174.0,3300,649.8,318.0,5.0502,13650,186.8,1393.0
55.48,662.4,161.8,3330,649.8,320.0,5.0604,13632,186.5,1397.0
55.48,664.4,160.0,3315,665.55,319.2,5.0688,13668,185.1,1381.2
54.8,666.4,159.5,3294,668.16,315.0,5.0532,13616,186.1,1375.2
56.12,668.0,158.5,3183,670.5,296.0,5.061,13642,184.8,1397.6
56.48,668.16,159.98,3135,665.55,276.0,5.0286,13790,185.0,1408.8
57.52,665.36,162.0,3165,666.9,269.6,5.0316,13850,184.7,1403.6
57.0,663.2,167.6,3165,661.5,270.3,5.0268,13880,185.0,1407.4
58.0,663.76,167.2,3189,652.5,273.5,5.0412,13854,185.3,1401.0
58.8,665.6,162.2,3204,651.6,272.0,5.0658,14100,184.0,1403.0
59.0,664.4,163.0,3234,658.35,276.0,5.0688,14110,183.1,1397.2
59.36,664.8,163.0,3243,657.0,278.8,5.0676,14330,183.7,1392.0
59.84,664.0,161.8,3219,648.0,275.5,5.0472,14276,184.2,1401.0
58.2,667.6,165.5,3093,651.42,273.8,5.0622,14472,185.5,1412.0
56.36,662.8,161.0,3000,665.55,271.3,5.0616,14446,185.7,1410.4
56.2,660.0,154.2,3087,682.83,273.0,5.0748,14338,184.8,1423.2
55.52,662.0,148.0,2988,679.5,273.5,5.073,14292,184.5,1439.6
56.88,666.4,146.5,3069,679.5,277.0,5.082,14236,185.2,1442.8
55.84,665.2,143.0,3075,683.1,275.0,5.0586,14010,186.0,1448.0
54.44,663.36,140.5,3036,681.3,274.2,5.0736,14078,187.4,1448.8
55.2,663.6,139.0,3015,658.8,272.0,5.082,14050,186.8,1456.0
55.16,662.8,140.2,2925,662.4,272.0,5.07,13924,186.2,1451.6
54.68,665.2,140.5,2931,664.56,273.8,5.0784,13914,185.2,1440.4
55.68,665.36,141.1,2961,678.6,273.8,5.0772,13940,184.9,1432.0
55.56,662.4,139.3,2961,666.63,264.4,5.0772,14300,183.7,1295.4
55.96,664.0,141.5,2970,669.15,263.0,5.0724,14116,184.7,1370.0
56.68,664.8,143.0,3045,660.15,259.0,5.0838,14234,184.4,1369.0
56.92,663.6,144.0,3060,665.55,260.8,5.0838,14216,183.9,1384.8
56.76,662.8,144.1,2976,649.89,260.8,5.0808,14132,183.5,1396.4
55.68,664.0,145.6,3003,659.25,260.0,5.0874,14098,182.7,1401.0
55.32,664.4,146.5,3066,653.85,258.0,5.0994,14136,183.0,1388.2
55.28,663.6,147.2,3057,662.85,258.5,5.0922,14180,183.3,1381.2
56.0,665.2,145.6,2955,668.7,259.5,5.079,14162,183.2,1375.6
56.28,661.6,143.5,2886,667.53,262.5,5.073,14040,183.0,1356.0
56.12,657.76,150.5,2922,663.3,262.5,5.0808,14132,182.1,1354.0
55.96,662.0,147.8,2907,669.6,262.4,5.0898,14100,181.0,1356.0
55.84,664.8,149.0,2895,678.6,263.0,5.0808,13996,181.0,1372.8
58.0,664.8,145.2,2895,681.75,262.5,5.0964,13962,181.2,1371.2
58.16,662.0,149.2,2934,680.94,260.4,5.094,13980,182.7,1352.0
57.68,662.8,149.7,2919,677.25,259.1,5.1012,13960,182.7,1352.8
58.6,663.2,152.2,2883,669.15,257.5,5.1036,13992,182.3,1334.0
58.64,664.4,149.5,2910,673.65,258.9,5.1102,14026,183.6,1347.2
59.12,665.36,154.44,2982,675.45,258.0,5.1192,14040,185.2,1361.6
60.56,665.36,153.5,2967,666.45,258.0,5.1174,14038,185.8,1357.2
59.64,666.0,152.5,2991,654.57,255.0,5.1168,13944,186.3,1368.8
60.12,666.8,156.2,2886,652.5,258.0,5.1114,13928,187.1,1368.4
60.56,665.2,157.5,2814,651.78,259.7,5.1066,13962,186.5,1364.8
59.56,665.2,152.1,2814,652.95,261.0,5.1072,13900,186.9,1372.0
59.6,665.6,146.38,2763,648.0,247.0,5.118,13900,187.1,1366.0
61.32,664.0,144.5,2781,647.55,252.5,5.1096,13860,186.1,1372.0
60.08,664.0,145.5,2790,634.95,253.6,5.1138,13902,185.0,1365.2
59.28,666.4,146.1,2820,631.35,251.0,5.1144,13916,185.4,1367.6
60.52,669.6,143.4,2700,629.91,254.4,5.1306,13962,187.7,1381.2
58.0,669.2,145.0,2721,609.3,259.6,5.1264,13920,186.7,1387.6
57.0,669.2,145.8,2682,607.95,257.5,5.1336,13958,186.8,1383.2
56.56,670.4,147.0,2739,615.6,257.6,5.139,14038,187.9,1382.8
56.76,660.8,148.0,2796,614.25,258.8,5.1312,13960,187.1,1392.0
55.08,662.4,148.5,2865,613.8,258.0,5.142,13964,187.5,1409.2
54.4,662.8,143.8,2850,592.2,256.3,5.148,13920,187.4,1406.4
54.92,663.2,144.5,2835,600.3,252.1,5.1546,13924,188.0,1402.4
55.2,664.0,146.7,2880,621.45,250.6,5.1558,13876,189.3,1396.0
55.04,664.0,145.5,2910,605.25,252.5,5.1534,13876,189.6,1396.4
54.8,662.4,150.4,2922,604.62,260.0,5.16,13840,190.8,1396.0
54.16,666.8,150.0,2955,612.0,263.0,5.1498,13870,190.0,1398.4
55.24,667.2,148.6,2865,614.25,262.5,5.166,13898,189.6,1411.2
55.2,667.6,150.0,2730,624.51,256.0,5.1594,13878,190.3,1410.4
54.76,670.8,148.8,2703,612.09,252.0,5.166,13890,189.8,1408.32
54.88,674.8,149.6,2724,621.99,252.0,5.1684,13860,190.0,1416.2
55.04,676.4,152.6,2703,613.98,258.0,5.1258,13964,190.0,1390.4
54.28,677.2,154.0,2733,604.8,266.6,5.1174,13940,190.4,1393.2
52.08,676.8,156.8,2754,601.2,277.0,5.1264,13954,190.5,1392.8
51.48,678.4,155.7,2751,614.25,284.0,5.1306,14008,190.5,1398.0
52.4,678.8,158.0,2757,621.0,294.0,5.1318,14124,190.6,1405.8
51.4,681.6,164.0,2760,639.0,307.0,5.1336,14164,191.3,1402.0
52.68,678.8,160.52,2748,629.28,301.0,5.1378,14118,191.5,1413.8
53.24,678.0,158.9,2760,626.76,326.0,5.1384,13978,190.7,1419.6
52.76,677.6,159.14,2775,619.65,331.3,5.1378,13908,189.9,1425.6
51.92,677.6,162.1,2790,615.15,338.0,5.1252,13754,188.3,1452.8
56.2,682.4,163.5,2736,621.45,345.0,5.124,13874,188.4,1446.0
56.48,675.2,165.4,2808,598.5,340.0,5.1264,13904,192.0,1437.0
56.8,674.8,162.6,2859,596.79,370.0,5.1312,13872,194.0,1416.6
56.52,676.4,160.8,2811,601.2,392.0,5.127,13836,193.5,1431.2
58.0,675.2,165.6,2880,597.69,376.0,5.139,13810,193.7,1407.6
58.0,674.0,163.0,2904,593.1,375.0,5.1456,13808,196.0,1410.0
58.12,674.0,161.0,3030,589.05,389.0,5.1528,13778,199.7,1392.0
57.92,669.6,156.9,2967,599.4,402.0,5.1462,13784,202.9,1364.8
57.0,666.4,155.5,2895,593.1,384.0,5.1162,13768,195.5,1342.0
58.0,667.2,156.2,2877,592.65,390.0,5.121,13768,198.0,1370.0
57.2,670.4,157.5,2910,603.9,392.0,5.0958,13720,201.5,1348.0
57.6,670.0,158.8,2775,598.05,389.0,5.0658,13722,204.7,1370.0
56.8,672.0,162.2,2796,594.9,405.0,5.0514,13714,202.7,1368.0
58.72,674.8,162.5,2835,601.2,411.5,5.0556,13716,201.9,1335.6
58.6,675.2,159.4,2901,596.79,402.5,5.0682,13820,200.5,1301.0
59.92,675.2,163.8,2886,595.8,392.0,5.031,13822,202.6,1336.0
60.56,666.56,162.5,2931,585.18,393.0,4.9884,13976,200.0,1310.0
59.72,666.8,163.7,2997,577.89,395.5,5.0178,14046,200.2,1312.0
59.72,666.16,160.0,2928,586.8,395.2,4.9974,13944,200.3,1308.8
57.88,666.16,159.5,2913,598.5,394.0,5.013,13886,200.4,1308.0
59.4,660.4,159.6,2883,603.45,396.5,5.0286,13840,203.0,1323.2
59.28,661.6,162.8,2880,602.55,391.2,5.0232,13802,202.5,1316.4
58.8,663.6,159.9,2886,605.7,391.0,5.019,13760,201.5,1330.0
59.0,665.6,159.5,2931,608.85,376.0,5.0226,13878,202.2,1331.6
57.8,661.2,160.5,2850,598.5,389.0,5.013,13794,201.8,1312.0
59.52,660.4,163.5,2808,603.0,395.0,4.9788,13788,202.4,1342.8
59.52,659.2,165.0,2853,607.95,395.2,5.0022,13798,204.9,1343.2
60.2,653.2,169.7,2919,602.55,391.5,4.9686,13866,204.7,1336.8
59.4,655.2,172.6,2883,607.05,396.2,4.9776,13856,205.6,1325.6
58.76,656.8,176.0,2868,616.05,406.8,4.962,13868,207.5,1329.2
58.48,655.2,173.5,2928,620.55,404.8,4.9512,13866,208.3,1332.8
58.76,656.8,169.2,2937,623.7,401.1,4.9662,13822,210.0,1344.0
59.12,648.0,173.0,2991,616.5,400.0,4.9788,13784,205.4,1312.8
57.8,650.8,174.5,3045,616.05,401.5,4.9818,13772,203.5,1303.0
57.92,640.8,180.2,3123,625.05,404.5,5.004,13766,205.0,1319.2
58.56,642.8,183.0,3150,617.4,397.0,4.98,13622,205.0,1296.0
57.4,641.2,180.3,3132,618.75,395.0,4.9962,13468,199.5,1302.8
57.16,639.2,182.0,3090,615.15,387.0,5.0082,13438,198.8,1316.8
57.0,641.6,180.2,3225,623.7,384.0,5.0226,13468,198.3,1324.0
57.76,644.0,187.0,3225,618.75,387.5,5.034,13376,198.0,1330.0
57.12,643.6,193.6,3330,609.75,382.6,5.0214,13368,193.6,1336.2
58.32,646.0,199.0,3315,612.0,383.9,5.0226,13446,193.8,1342.2
59.76,647.2,208.0,3306,632.25,382.5,5.0454,13380,194.9,1338.0
60.12,651.6,205.0,3276,630.9,383.0,5.0472,13262,197.0,1358.4
60.48,652.0,206.0,3270,642.6,381.0,5.0724,13266,195.4,1352.0
62.2,655.6,202.0,3309,651.42,380.0,5.0844,13226,193.0,1357.6
61.92,657.2,191.6,3270,648.9,380.8,5.0766,13144,193.7,1348.0
62.08,660.8,191.2,3375,639.0,378.0,5.0916,13082,192.1,1350.0
63.44,665.6,197.0,3357,647.46,380.0,5.1126,13146,191.3,1343.6
62.28,661.76,188.0,3165,642.6,382.0,5.085,13050,189.1,1349.4
64.8,661.2,185.9,3210,645.66,384.9,5.079,13128,194.4,1374.8
63.44,663.6,177.0,3075,641.7,387.7,5.0676,13022,195.3,1374.4
64.0,663.2,177.3,3102,645.75,387.5,5.028,13068,196.2,1386.8
62.68,658.4,180.8,3075,635.4,378.0,5.0352,13006,197.0,1385.2
62.68,660.96,179.0,3138,631.89,384.0,5.0232,12904,195.5,1368.8
62.32,661.2,187.2,3240,635.4,386.6,5.0448,12992,192.8,1360.0
61.68,661.2,178.1,3360,635.67,382.5,5.0448,12856,196.7,1370.0
61.6,662.96,183.6,3336,634.32,385.4,5.0448,12778,196.0,1365.6
61.36,662.0,179.5,3444,638.91,385.0,5.0442,12656,194.0,1380.8
61.88,661.2,183.4,3462,637.65,389.0,5.0478,12782,195.3,1377.6
63.2,656.0,182.5,3600,650.25,397.0,5.0712,12706,196.5,1374.4
62.2,656.4,185.0,3474,660.15,403.0,5.073,12568,197.5,1354.4
60.56,662.0,181.2,3561,664.38,404.0,5.0838,12650,196.0,1369.0
60.72,660.8,185.1,3684,663.75,401.5,5.0844,12630,195.5,1390.4
60.72,659.2,192.0,3840,664.2,405.0,5.0754,12718,197.6,1378.8
60.2,664.0,191.6,3780,670.5,396.0,5.0988,12736,198.9,1377.2
60.2,668.8,191.0,3834,658.8,394.5,5.1144,12778,198.5,1372.0
61.8,670.4,197.0,3690,661.05,390.0,5.1102,12676,199.5,1376.0
62.08,673.2,195.0,3948,666.45,397.0,5.1186,12646,195.7,1379.6
62.08,671.6,190.2,3897,666.0,396.0,5.106,12656,194.8,1380.8
61.24,673.6,191.4,3918,664.65,391.2,5.1036,12558,192.0,1398.0
59.96,672.0,192.3,3840,666.45,387.6,5.085,12530,192.3,1378.0
59.6,671.6,189.0,3738,667.8,390.0,5.1102,12544,192.5,1391.2
61.36,670.8,185.0,3885,661.23,389.8,5.1216,12766,193.8,1368.0
60.8,672.4,188.0,3987,661.5,389.0,5.118,12724,193.9,1357.6
61.2,671.6,192.5,3930,668.7,385.6,5.1294,12724,193.8,1341.2
61.2,672.0,193.5,3876,674.55,382.0,5.1312,12632,192.5,1334.8
62.4,673.2,190.0,3786,669.78,385.0,5.1306,12600,192.5,1337.2
62.8,674.0,185.2,3750,669.24,387.5,5.1342,12610,193.0,1340.2
63.88,651.2,186.1,3801,674.1,389.0,5.1198,12626,193.8,1340.4
63.84,658.0,183.2,3780,673.56,381.0,5.1174,12586,193.7,1317.0
64.0,661.2,184.5,3900,660.6,385.5,5.118,12620,194.5,1332.0
63.6,660.8,182.6,3900,660.6,389.6,5.106,12682,194.8,1332.4
63.04,664.0,184.4,3864,666.9,386.0,5.112,12700,195.4,1348.6
62.04,671.2,182.8,3915,675.0,388.0,5.1174,12628,195.5,1352.4
58.08,672.4,183.0,3807,663.75,383.6,5.1354,12702,197.7,1357.8
58.72,676.96,182.2,3885,673.65,388.3,5.1294,12684,199.8,1368.8
59.24,676.8,184.5,3660,672.3,393.8,5.118,12800,200.2,1377.2
58.12,678.0,185.2,3855,675.9,390.6,5.1168,12748,200.9,1380.0
59.2,678.4,182.0,3939,678.6,390.8,5.0826,13110,200.3,1386.2
59.56,678.56,178.0,4062,676.35,393.8,5.0748,13084,201.5,1421.0
58.84,677.36,179.5,4140,673.74,391.0,5.0622,13284,203.7,1422.0
58.0,676.8,186.3,4425,675.9,388.2,5.082,13192,202.5,1425.6
58.72,678.4,189.2,4335,677.97,389.0,5.088,13176,201.8,1424.8
57.64,680.4,187.0,4260,683.55,383.0,5.07,13098,202.3,1421.0
56.48,684.16,192.5,4440,689.22,387.6,5.0688,13048,202.4,1421.6
58.12,684.96,194.0,4284,702.9,388.2,5.0568,13170,203.1,1444.0
57.92,685.36,194.6,4428,711.0,390.5,5.0394,13224,200.5,1438.0
57.4,684.0,191.6,4425,721.35,390.5,5.0448,13208,200.6,1444.0
58.76,668.0,195.5,4548,718.56,389.4,5.0478,13374,204.2,1432.0
58.52,670.4,193.8,4446,723.6,393.0,5.0652,13260,203.7,1422.6
56.2,669.2,189.6,4284,735.75,395.5,5.0724,13276,202.8,1454.4
55.12,669.6,191.8,4176,737.1,393.6,5.0928,13142,203.2,1447.0
54.16,672.4,187.0,4230,718.2,392.5,5.103,13142,203.5,1455.2
53.56,676.0,185.6,3951,730.35,393.1,5.0904,13100,205.0,1454.0
53.96,679.6,185.1,3825,728.55,390.5,5.0898,13092,205.1,1475.0
54.12,681.2,190.2,3990,731.7,388.2,5.106,13104,204.3,1469.6
54.52,682.8,186.6,3867,729.45,385.0,5.1222,13108,203.5,1467.2
54.2,681.36,188.1,3867,724.41,382.0,5.1,13054,202.8,1455.2
53.52,682.8,186.1,3720,721.8,381.6,5.1246,12964,203.4,1437.6
54.36,682.8,182.6,3645,713.43,382.0,5.1114,12964,204.8,1449.0
51.16,680.0,184.5,3705,722.34,383.5,5.1162,12940,205.2,1463.6
51.44,678.8,181.5,3651,722.25,383.0,5.1162,13016,206.8,1459.2
49.4,676.8,173.4,3552,728.1,378.1,5.1132,12940,205.9,1468.4
50.12,680.0,174.8,3624,730.8,357.0,5.1192,12972,205.3,1466.8
50.24,684.8,176.9,3645,737.55,351.2,5.043,13018,203.8,1447.2
51.0,687.2,175.0,3597,729.0,333.0,5.055,13016,203.0,1454.8
50.6,681.6,171.7,3693,722.7,353.0,5.0436,12952,205.9,1461.2
50.0,682.8,171.6,3585,732.15,360.0,5.0376,12944,206.6,1468.2
49.2,676.8,171.5,3495,752.4,367.8,5.013,12872,205.5,1439.6
49.96,675.6,170.5,3570,769.5,366.5,5.052,12936,205.5,1438.0
49.8,676.4,168.5,3744,781.65,361.0,5.061,12998,203.6,1423.2
50.12,672.4,172.8,3615,787.5,367.0,5.0646,13030,203.5,1438.8
51.4,674.0,168.6,3675,782.55,376.0,5.082,13158,205.3,1445.6
51.6,669.6,166.4,3690,792.0,377.0,5.1048,13258,204.7,1450.0
52.72,667.2,171.0,3855,792.45,378.5,5.1042,13214,202.6,1456.8
52.84,666.4,179.0,3900,811.8,382.5,5.1078,13304,201.3,1452.0
51.6,671.6,170.4,3810,843.75,384.5,5.1,13256,200.3,1432.8
49.4,678.4,169.0,3795,828.0,386.0,5.1324,13284,202.5,1447.6
47.16,681.6,169.7,3765,680.4,377.5,5.1372,13424,200.6,1451.4
47.52,680.96,174.0,3540,678.15,382.0,5.1252,13522,198.5,1445.0
47.52,684.8,171.0,3615,675.54,383.5,5.1132,13438,198.0,1459.2
48.52,689.2,166.5,3774,709.65,385.3,5.1348,13564,197.6,1477.4
47.84,697.6,167.0,3690,697.5,385.0,5.127,13538,198.0,1486.4
45.64,698.0,169.0,3780,706.05,380.0,5.1432,13508,196.3,1490.0
44.2,698.4,168.5,3684,711.45,375.5,5.1618,13592,197.5,1478.0
44.92,698.8,173.0,3705,697.5,350.2,5.1522,13564,195.2,1466.0
45.6,698.56,177.0,3705,693.9,355.0,5.1588,13428,195.7,1474.0
45.4,702.4,173.5,3732,686.25,340.2,5.148,13448,196.0,1454.0
45.64,700.0,175.2,3780,701.1,343.5,5.1432,13464,191.9,1431.2
45.4,707.6,175.6,3729,697.59,343.2,5.151,13424,191.4,1431.6
45.8,710.56,177.2,3807,697.05,343.0,5.172,13310,192.1,1435.2
45.48,711.2,181.6,3903,697.95,354.0,5.1666,13278,192.8,1431.2
45.52,712.96,184.5,3828,686.16,343.2,5.1708,13500,192.5,1418.0
45.04,713.6,181.0,3807,686.79,348.5,5.1666,13664,194.0,1433.0
43.32,717.6,187.5,3717,684.54,345.0,5.1732,13648,194.4,1430.0
42.4,714.4,182.0,3639,673.74,349.0,5.163,13280,193.5,1417.2
39.88,708.8,183.7,3543,673.2,358.0,5.1762,13416,192.0,1392.0
40.72,705.36,180.9,3573,683.1,357.0,5.1912,13380,189.7,1338.6
41.48,712.0,185.2,3450,691.2,351.6,5.1924,13384,190.7,1360.0
41.0,717.6,183.8,3411,691.2,353.2,5.187,13296,191.3,1346.0
42.08,719.2,183.6,3342,688.95,358.0,5.2002,13364,189.7,1360.0
41.8,717.2,187.6,3384,681.84,359.8,5.1948,13326,191.0,1364.8
41.92,720.4,190.6,3237,665.55,359.8,5.2056,13346,189.9,1359.2
43.4,720.0,188.7,3210,650.7,360.0,5.2236,13594,192.1,1376.0
43.28,720.0,192.0,3270,640.8,361.0,5.2152,13556,191.8,1354.0
45.2,719.76,189.6,3216,636.3,358.0,5.2068,13538,193.0,1322.8
44.72,715.2,189.5,3180,632.79,339.6,5.223,13666,193.7,1318.0
44.6,716.8,185.2,3324,648.0,334.0,5.2332,13628,192.4,1305.2
43.92,717.6,188.4,3345,656.1,331.6,5.259,13714,191.0,1297.2
44.84,714.8,192.0,3480,653.4,329.5,5.2764,13700,190.1,1220.8
45.12,710.4,197.2,3543,660.6,333.5,5.2812,13680,192.7,1251.0
46.16,707.6,202.4,4005,675.45,333.8,5.2782,13844,193.1,1288.0
45.88,709.76,196.5,3795,670.5,339.5,5.25,13982,195.8,1283.2
45.84,708.96,196.0,3720,666.0,337.1,5.256,13894,194.5,1288.8
44.32,710.56,194.0,3705,670.68,327.0,5.2158,13836,194.6,1296.8
42.8,689.6,200.0,3900,668.34,320.0,5.19,13942,196.0,1276.0
41.8,692.0,197.4,3810,662.4,314.0,5.184,13902,197.5,1276.0
42.48,696.4,196.6,3870,663.3,314.0,5.193,14118,196.1,1295.6
43.12,696.16,200.5,3831,663.75,314.3,5.202,14182,196.5,1295.2
44.4,696.8,198.5,3690,659.7,305.1,5.145,14242,196.1,1279.0
43.8,700.0,192.0,3705,662.4,301.5,5.1468,14386,195.0,1312.0
45.2,701.6,190.5,3651,649.44,302.0,5.1318,14260,196.8,1287.6
44.52,701.6,191.7,3660,650.7,297.4,5.1642,14500,199.0,1288.0
44.24,704.0,188.5,3756,672.75,300.5,5.1372,14464,196.6,1290.0
43.76,706.8,183.0,3954,657.9,296.2,5.1492,14626,197.0,1266.4
44.0,709.6,186.5,3936,654.75,298.9,5.178,14544,192.7,1257.0
44.72,714.8,188.5,3969,654.75,271.4,5.124,14544,192.7,1262.8
43.52,714.8,191.5,3795,666.45,275.4,5.1252,14572,190.4,1274.8
44.12,714.0,194.5,3783,693.0,269.0,5.142,14608,189.6,1256.4
44.24,715.6,193.2,3777,697.5,269.0,5.142,14628,186.8,1259.2
43.2,716.4,191.3,3897,683.1,272.0,5.1618,14754,186.3,1252.0
43.2,715.2,188.5,3894,672.75,273.8,5.175,14604,184.5,1238.0
43.92,714.0,189.4,3834,662.4,270.1,5.1372,14584,186.0,1244.6
42.6,713.76,188.1,3780,661.5,273.4,5.1432,14486,187.4,1243.2
41.48,694.0,189.2,3891,654.3,273.4,5.1588,14460,184.5,1190.8
40.4,700.0,185.5,3855,659.25,273.0,5.1654,14566,186.4,1240.0
40.6,705.6,185.5,3708,653.4,274.0,5.1558,14606,186.6,1277.6
40.36,701.6,187.4,3753,653.85,282.2,5.1594,14624,185.5,1271.6
38.52,705.2,189.2,3732,636.12,277.6,5.1768,14870,183.5,1252.0
39.8,696.0,187.5,3801,632.7,274.7,5.1708,15020,183.6,1241.2
39.76,705.2,186.4,3753,654.75,278.0,5.1708,15298,184.4,1272.0
40.76,705.2,188.3,3738,661.5,277.0,5.1744,15314,185.0,1256.0
39.68,704.0,186.5,3624,661.95,265.0,5.1726,15364,184.0,1229.6
40.08,702.0,182.6,3609,658.08,261.5,5.1702,15340,181.9,1208.0
38.52,700.0,183.5,3639,661.05,239.8,5.1978,15536,180.9,1196.6
37.44,701.2,184.5,3585,657.27,232.0,5.1576,15642,180.9,1212.0
36.64,698.56,185.9,3510,656.82,235.5,5.133,15560,179.8,1224.0
37.0,695.6,183.5,3459,664.65,233.0,5.1162,16010,177.6,1202.4
39.2,695.6,186.2,3540,656.1,219.8,5.0808,16014,180.5,1208.4
38.2,695.2,185.7,3429,656.37,217.2,5.1042,15714,182.5,1252.6
39.08,695.2,182.0,3585,661.05,222.0,5.0886,15864,183.6,1253.0
39.24,693.2,186.4,3558,670.05,229.0,5.0772,15664,184.2,1262.8
39.04,696.8,184.5,3615,673.2,231.8,5.0928,15536,181.5,1250.0
38.8,698.16,184.5,3690,666.72,235.0,5.1072,15776,181.8,1260.8
37.72,697.2,181.6,3657,669.6,230.2,5.115,15646,183.6,1236.8
37.44,697.36,183.6,3612,669.6,233.2,5.1252,15600,182.5,1227.2
37.2,698.0,185.0,3477,677.7,231.6,5.1114,15454,181.5,1214.0
38.24,699.6,184.7,3375,679.5,232.5,5.0952,15424,180.3,1229.6
37.6,700.8,179.0,3486,673.65,229.0,5.1036,15240,182.0,1223.2
38.76,699.2,178.0,3510,673.74,231.2,5.124,15556,181.9,1233.6
38.48,698.8,177.6,3465,671.58,230.5,5.148,15716,180.5,1256.0
38.28,698.0,172.4,3411,652.95,230.8,5.1516,15666,179.7,1260.8
39.28,703.2,172.2,3480,657.0,229.8,5.1312,15664,179.2,1248.4
39.08,702.56,171.3,3495,661.5,233.8,5.1108,15380,174.1,1229.0
38.88,701.6,173.6,3555,657.9,228.6,5.1048,15424,175.1,1247.2
40.32,704.8,169.2,3486,654.75,229.6,5.124,15552,172.4,1268.8
40.52,705.36,169.2,3516,654.3,231.9,5.1228,15484,172.0,1280.0
40.84,707.6,168.6,3513,663.03,232.0,5.127,15436,163.1,1276.4
40.92,709.6,168.0,3540,667.35,231.8,5.1414,15502,163.5,1282.0
39.96,700.4,162.5,3705,673.83,223.0,5.1408,15426,171.6,1279.2
39.92,700.8,161.6,3945,667.8,220.0,5.1414,15600,165.5,1282.0
39.0,702.8,169.0,3918,670.05,221.5,5.1528,15548,159.0,1283.6
38.56,700.8,165.6,3939,670.95,226.0,5.169,15670,153.0,1272.0
39.84,704.0,164.0,3900,675.63,224.0,5.1558,15508,163.3,1252.0
39.76,705.2,171.6,3990,678.42,211.2,5.148,15530,161.0,1271.2
39.52,700.4,166.7,3831,677.25,217.6,5.1276,15478,160.9,1276.8
39.92,698.8,168.6,3825,680.4,215.5,5.1474,15310,159.0,1273.8
39.44,703.6,171.6,3840,677.25,215.2,5.13,15004,154.5,1267.0
39.8,701.6,168.0,3735,681.75,219.0,5.1378,14870,152.8,1302.0
39.24,699.6,171.0,3648,682.2,216.0,5.1408,14940,160.0,1296.0
38.72,699.2,176.6,3585,684.9,215.9,5.1558,14924,161.9,1309.6
39.2,702.8,176.0,3588,685.8,217.4,5.1576,15098,160.8,1342.0
38.32,706.56,178.6,3615,666.45,208.5,5.1546,15160,162.5,1319.2
38.16,711.6,176.0,3570,673.65,204.2,5.1798,15192,166.8,1311.6
38.68,712.4,177.6,3690,685.8,205.0,5.1726,15164,173.5,1317.2
39.52,710.0,181.0,3693,676.62,200.0,5.1678,15190,167.7,1312.0
39.24,709.2,183.9,3711,679.95,203.7,5.1726,15214,166.0,1324.0
38.8,711.2,184.5,3630,685.08,207.0,5.1702,15110,173.3,1315.2
38.68,713.76,187.4,3642,684.54,208.2,5.1888,15014,169.2,1302.8
38.84,714.0,186.3,3528,678.15,208.8,5.1336,15034,172.0,1308.0
38.84,712.0,184.2,3444,683.1,219.4,5.1426,14946,172.5,1320.0
38.4,708.4,182.2,3477,681.93,225.0,5.1276,14870,171.5,1305.6
38.6,710.0,181.0,3504,684.9,239.5,5.1342,14746,171.3,1336.2
38.64,710.96,179.0,3510,690.3,241.0,5.13,14680,166.3,1328.0
39.56,715.6,175.5,3498,695.25,236.0,5.1276,14644,170.0,1331.6
37.68,712.8,174.5,3459,689.31,235.9,5.133,14754,175.5,1322.8
37.36,714.4,178.2,3447,696.69,217.0,5.1402,14874,172.5,1322.4
36.68,711.6,175.6,3465,679.5,207.0,5.1534,14994,171.5,1311.2
37.04,716.4,177.1,3411,686.97,210.2,5.154,14604,170.1,1280.0
37.08,713.2,181.0,3435,680.49,220.0,5.1726,14616,168.4,1272.0
35.72,710.4,182.0,3405,686.7,228.0,5.1612,14816,165.7,1276.0
35.8,712.8,180.2,3411,679.5,228.0,5.1738,14824,166.0,1260.0
36.12,714.0,178.3,3564,682.92,231.0,5.1612,14894,167.9,1262.0
36.12,709.2,172.5,3564,681.03,238.0,5.181,14748,162.9,1252.0
36.4,700.8,172.5,3612,682.29,245.0,5.1894,14736,160.7,1256.4
36.56,698.4,171.4,3555,682.38,248.0,5.1972,14632,163.0,1254.4
36.2,704.8,174.2,3516,693.45,243.9,5.1612,14950,163.0,1320.0
36.0,705.2,176.0,3558,698.4,244.0,5.1576,14968,164.0,1321.0
35.76,706.0,173.6,3570,694.35,245.5,5.1534,15082,163.5,1326.0
35.24,710.8,175.0,3591,691.65,251.0,5.1408,15230,162.2,1328.4
35.52,713.76,172.6,3564,690.75,239.0,5.1534,15066,162.0,1322.0
35.64,715.76,172.3,3486,688.59,241.3,5.157,15146,163.0,1330.2
35.8,719.2,172.5,3456,693.9,238.6,5.127,15154,162.8,1346.0
35.64,722.0,169.8,3438,698.85,229.5,5.133,15088,162.0,1350.8
34.68,723.2,165.3,3465,700.65,240.4,5.1492,15230,162.1,1345.2
34.76,724.4,167.3,3345,710.91,242.0,5.1492,15150,162.5,1348.0
34.6,726.0,166.0,3366,714.6,243.8,5.1342,15174,163.2,1367.2
35.16,700.8,167.0,3360,714.6,236.0,5.1408,15134,161.5,1372.0
36.04,700.4,164.0,3390,714.87,236.5,5.1558,15296,163.8,1373.2
35.92,702.4,167.8,3450,730.8,239.8,5.1474,15336,170.5,1395.0
35.24,701.6,168.6,3384,744.3,233.5,5.1582,15516,170.3,1407.2
34.12,708.0,167.3,3396,748.8,240.0,5.16,15556,169.1,1442.0
34.28,711.2,167.8,3369,743.4,244.0,5.154,15622,168.0,1429.2
34.08,706.4,173.7,3384,751.5,244.4,5.1564,15660,173.5,1444.0
33.08,707.6,175.7,3420,751.5,238.5,5.1756,15574,173.5,1475.0
32.72,711.2,177.0,3405,757.8,238.2,5.1822,15516,170.0,1466.0
32.76,709.6,183.4,3420,753.75,249.0,5.1774,15430,169.0,1480.0
33.72,709.2,182.0,3558,765.0,248.0,5.1816,15360,169.8,1464.4
33.84,709.6,182.3,3510,769.5,227.5,5.1822,15236,169.0,1476.0
35.04,710.0,180.2,3474,778.59,227.0,5.1858,15214,165.5,1474.0
34.44,711.2,185.2,3435,761.4,228.6,5.1906,15236,167.1,1468.4
33.92,710.8,182.5,3315,757.35,228.1,5.2038,15212,167.7,1458.4
33.04,711.2,179.5,3270,781.2,223.8,5.1954,15082,167.4,1484.0
34.24,710.0,180.2,3210,774.0,220.2,5.1936,14976,167.0,1464.0
37.0,717.2,179.8,3255,770.85,227.5,5.2122,15090,171.5,1458.0
38.0,719.2,178.5,3315,770.85,225.6,5.205,15094,170.4,1481.2
35.52,722.0,182.0,3345,789.3,222.0,5.202,14866,170.1,1453.6
36.76,719.36,182.4,3225,792.0,226.0,5.1864,14780,177.0,1488.8
36.88,719.76,180.0,3315,779.4,227.0,5.1882,14798,176.0,1482.4
37.16,722.4,184.0,3465,777.87,228.5,5.1726,14656,175.0,1515.6
36.84,721.36,188.0,3465,765.0,233.8,5.1678,14712,170.7,1506.4
37.4,723.2,185.0,3504,762.3,231.0,5.154,14680,173.8,1504.8
36.6,728.0,183.7,3426,756.27,232.1,5.1696,14522,173.0,1503.2
36.36,725.2,180.9,3396,750.6,231.0,5.1942,14670,172.9,1491.6
35.96,724.4,180.5,3405,768.6,230.0,5.202,14620,170.5,1484.0
35.76,724.0,181.5,3525,774.0,228.0,5.1996,14734,171.0,1504.8
36.84,723.6,182.0,3600,767.7,230.0,5.196,14666,170.2,1499.64
36.32,722.0,181.7,3489,764.55,236.3,5.1954,14492,182.3,1498.4
36.56,717.6,189.5,3444,748.8,233.0,5.1534,14454,188.0,1488.0
36.16,717.2,183.0,3459,742.5,236.5,5.1444,14288,186.2,1480.0
35.32,716.8,187.0,3459,743.4,237.8,5.1492,14504,188.0,1492.0
35.76,718.8,198.5,3375,746.1,243.6,5.1408,14474,188.3,1476.8
36.12,720.0,188.2,3336,731.07,239.6,5.1324,14390,185.3,1480.4
36.8,717.2,186.7,3279,731.7,230.2,5.1324,14354,186.8,1489.2
36.68,717.6,186.5,3330,734.85,231.4,5.136,14330,184.5,1523.6
35.92,718.4,190.8,3330,742.32,230.5,5.1414,14184,184.5,1519.0
35.6,710.16,188.5,3330,748.8,231.8,5.142,14176,185.5,1505.6
36.0,713.76,189.0,3390,756.9,236.0,5.1498,14326,187.2,1497.0
35.8,718.56,186.8,3417,751.5,231.1,5.1606,14480,189.0,1530.0
36.0,719.36,186.3,3309,746.55,228.5,5.154,14568,187.3,1526.8
36.24,724.4,185.2,3351,755.1,230.6,5.1588,14648,189.2,1530.0
35.64,728.16,185.0,3261,765.9,231.4,5.1654,14596,192.0,1509.0
36.72,725.6,185.5,3261,793.35,235.8,5.172,14572,192.3,1521.6
36.8,724.8,182.1,3300,793.35,234.6,5.1714,14728,189.5,1503.2
36.12,724.8,184.0,3261,786.6,229.8,5.1726,14600,190.5,1508.0
35.76,720.8,184.0,3315,783.9,229.4,5.1864,14688,194.0,1528.0
34.68,720.0,183.5,3315,799.65,230.2,5.1852,14770,191.4,1533.6
34.76,723.6,184.2,3258,788.85,231.2,5.1918,14780,190.3,1526.0
34.48,720.96,184.0,3300,774.9,232.8,5.1906,14738,190.0,1557.2
33.48,720.0,181.6,3219,781.2,229.8,5.1798,14576,188.3,1561.2
32.08,720.8,181.5,3165,783.0,228.3,5.1672,14442,188.5,1555.0
31.6,721.6,178.0,3105,785.25,227.2,5.1546,14308,188.4,1543.0
32.08,722.4,179.3,3150,792.0,225.8,5.1594,14394,187.5,1539.6
31.6,722.4,177.1,3135,787.5,225.2,5.1732,14506,186.8,1533.6
32.96,722.16,175.6,3063,797.4,226.8,5.1792,14468,188.0,1532.0
33.24,705.2,175.4,2997,801.0,226.4,5.187,14446,187.3,1514.4
33.12,708.4,173.0,2970,801.9,227.5,5.1792,14398,187.2,1523.6
30.4,710.4,175.8,3024,812.25,227.2,5.1924,14530,188.5,1501.0
30.8,710.8,175.5,3090,816.66,227.0,5.19,14642,185.9,1505.0
31.92,711.6,176.5,3003,818.1,228.0,5.19,14456,184.8,1529.2
30.96,709.2,173.3,3045,821.25,229.1,5.1978,14488,180.8,1525.6
31.12,715.6,172.2,3003,823.5,231.5,5.1912,14412,181.8,1523.6
31.2,717.6,172.3,3018,828.0,233.4,5.1996,14412,183.0,1524.0
30.76,714.4,172.5,2973,828.0,234.5,5.193,14426,183.2,1510.0
30.4,714.4,173.5,2949,793.8,233.5,5.1858,14386,185.5,1521.8
31.12,712.16,171.5,2925,797.85,233.5,5.1924,14368,186.7,1540.0
30.6,710.4,174.6,2820,791.28,236.0,5.202,14334,191.0,1511.2
30.92,711.6,173.6,2895,801.0,237.0,5.202,14374,193.0,1505.0
31.04,711.6,177.0,2958,814.5,237.5,5.1984,14446,191.0,1491.6
31.44,709.2,178.4,2955,825.75,239.5,5.2086,14536,209.9,1484.8
31.28,710.56,176.0,2964,824.49,238.5,5.2026,14492,209.8,1484.4
31.28,714.8,177.3,2976,834.75,235.8,5.2062,14424,211.5,1495.2
32.04,711.2,177.9,2991,849.15,234.6,5.2122,14504,219.0,1493.6
31.68,714.4,174.2,2937,840.6,241.6,5.2122,14506,217.9,1505.0
31.68,715.76,173.7,2925,808.74,240.0,5.1912,14460,217.2,1510.0
32.24,699.6,173.6,2952,811.8,247.8,5.211,14486,216.4,1508.8
32.52,703.6,174.2,2946,814.41,247.7,5.2236,14492,225.7,1516.6
32.24,708.0,172.7,2922,810.0,246.0,5.226,14548,227.5,1532.4
32.04,712.0,173.5,3009,796.95,246.0,5.2176,14504,227.5,1535.6
32.16,710.56,173.8,3090,774.9,243.6,5.2374,14480,229.0,1552.0
32.0,708.8,172.6,3051,760.5,241.0,5.2314,14374,228.7,1555.2
34.0,710.0,173.6,3030,764.82,246.0,5.235,14394,232.5,1551.0
34.2,709.6,174.0,3075,769.5,242.5,5.2302,14348,238.0,1555.6
35.2,705.76,175.4,3105,770.85,241.0,5.232,14368,243.5,1545.2
34.8,706.0,175.2,2955,767.7,241.0,5.2302,14310,248.0,1529.2
34.72,705.6,171.2,2985,783.9,234.6,5.2158,14156,240.7,1522.0
35.4,706.4,171.8,2979,779.4,231.6,5.235,14128,237.0,1516.0
35.12,701.6,170.4,2904,757.89,231.0,5.2428,14144,239.6,1522.0
35.68,703.6,168.1,2817,754.02,230.0,5.241,14112,239.2,1510.0
37.76,709.6,169.0,2790,753.84,229.6,5.2494,14174,238.7,1516.0
37.2,708.4,168.5,2700,756.45,232.5,5.2524,14166,235.0,1528.4
38.8,708.4,168.5,2760,763.56,231.2,5.217,14096,236.0,1522.8
39.88,706.8,168.4,2820,729.9,230.4,5.2164,14142,236.8,1509.0
39.76,698.96,167.6,2808,732.6,231.3,5.223,14304,234.0,1498.0
39.8,701.2,168.5,2811,748.35,231.2,5.223,14384,229.3,1520.0
39.4,695.6,170.0,2778,738.45,227.4,5.2182,14304,222.0,1514.2
39.2,694.16,170.2,2682,700.2,229.0,5.2236,14346,234.2,1500.8
40.4,699.6,174.0,2727,703.8,226.2,5.2254,14388,233.3,1496.0
42.2,701.6,174.0,2649,701.55,224.8,5.2194,14392,233.5,1504.0
44.0,710.0,168.8,2670,641.7,225.2,5.2284,14434,231.0,1504.8
34.0,703.2,168.5,2625,639.9,224.0,5.2254,14458,234.6,1511.0
33.8,709.2,170.0,2670,627.3,232.5,5.2164,14382,230.2,1520.4
33.84,709.76,170.8,2673,641.25,233.4,5.2284,14330,224.6,1511.6
35.2,706.8,171.9,2676,638.1,236.0,5.2182,14382,223.5,1497.2
38.28,715.2,169.5,2595,647.55,239.7,5.2062,14390,227.7,1520.8
36.88,716.0,167.2,2640,633.15,239.6,5.2044,14390,226.8,1518.0
36.64,715.6,167.0,2625,631.8,238.9,5.2032,14446,226.5,1520.8
36.6,720.56,167.6,2670,639.63,239.0,5.2032,14412,230.4,1526.0
36.64,717.2,167.5,2739,625.5,239.0,5.211,14560,229.8,1532.0
35.92,718.8,163.0,2745,619.65,239.0,5.2146,14568,213.2,1538.0
35.6,716.0,163.5,2796,630.0,238.5,5.205,14546,211.4,1534.0
36.8,717.2,164.1,2829,636.75,236.2,5.1828,14606,212.0,1532.0
37.12,718.0,164.6,2838,630.0,238.0,5.175,14584,203.5,1550.0
36.44,715.2,166.3,2889,635.76,241.6,5.1522,14568,201.0,1543.6
36.88,711.6,166.3,2877,641.25,239.2,5.1738,14552,203.6,1544.0
37.04,716.0,164.4,2919,631.35,237.3,5.1792,14516,197.0,1528.0
36.4,717.2,164.5,2865,625.5,233.5,5.187,14496,197.4,1524.4
36.68,716.8,162.2,2904,621.0,236.6,5.208,14420,197.4,1528.0
37.0,710.0,163.0,3075,623.34,236.9,5.205,14474,207.3,1528.4
37.12,703.6,164.5,3060,610.2,240.6,5.1948,14490,201.5,1540.4
37.6,700.4,164.4,3015,619.2,237.2,5.1864,14494,205.0,1553.0
38.32,698.8,162.2,3138,612.63,235.8,5.199,14542,200.9,1551.6
39.16,688.0,165.2,3144,627.75,234.5,5.1984,14496,197.3,1559.2
38.04,692.0,164.8,3195,627.75,235.0,5.2008,14552,191.5,1552.0
38.24,691.6,165.5,3225,630.27,236.7,5.2104,14630,189.2,1543.6
37.28,678.8,164.4,3264,627.3,236.1,5.2152,14678,196.5,1567.2
36.96,660.96,163.0,3174,619.29,235.0,5.2176,14674,194.8,1564.0
36.92,666.0,162.6,3108,615.69,234.0,5.217,14660,201.2,1562.0
34.76,671.6,161.7,3195,598.5,232.6,5.2158,14628,201.6,1551.2
33.16,672.96,158.5,3072,574.2,232.4,5.223,14638,201.1,1560.0
33.6,679.2,159.3,3108,560.7,231.0,5.223,14622,192.2,1568.0
34.04,680.0,161.3,3186,570.15,232.2,5.235,14644,193.0,1564.0
33.8,684.8,158.9,3129,576.0,232.0,5.2296,14600,193.1,1562.8
31.6,684.0,156.6,2928,570.78,237.0,5.2236,14482,195.5,1527.4
32.08,690.56,157.8,2895,589.5,237.2,5.2386,14532,195.2,1520.0
33.48,692.0,155.2,2949,587.7,237.5,5.2374,14590,196.3,1542.0
34.2,690.0,156.5,3027,585.0,237.7,5.2296,14612,192.3,1572.8
34.6,702.8,159.4,3060,581.4,238.9,5.2386,14626,194.0,1562.8
34.28,702.8,164.5,3060,573.75,238.5,5.2332,14584,191.5,1579.4
35.32,700.8,166.0,3096,577.35,237.0,5.2446,14570,188.4,1577.6
35.6,698.0,168.0,3054,587.7,238.2,5.2494,14578,186.5,1577.6
35.32,697.2,168.4,3060,596.7,239.4,5.25,14626,191.0,1589.0
34.6,674.0,170.0,3114,585.0,240.0,5.2512,14614,196.0,1587.2
35.12,670.8,170.0,3240,588.15,237.5,5.2572,14644,194.0,1585.2
34.72,667.2,171.0,3360,595.8,237.2,5.2488,14734,188.0,1572.4
34.92,672.4,170.2,3450,593.55,237.5,5.2548,14732,194.5,1566.0
36.44,679.2,175.5,3453,596.25,237.0,5.2572,14680,195.0,1563.2
36.76,684.0,175.0,3495,587.7,238.0,5.2668,14790,196.8,1557.2
36.08,683.2,180.5,3450,594.0,238.6,5.2584,14820,197.7,1556.0
35.52,685.6,178.6,3480,588.6,235.5,5.2674,14830,197.5,1542.8
35.72,676.4,176.5,3525,580.59,235.5,5.2746,14860,197.2,1544.0
35.8,680.4,180.0,3555,573.75,236.5,5.2806,14928,195.9,1555.2
35.24,679.2,176.8,3576,576.0,235.5,5.2854,14914,187.8,1536.0
34.56,680.0,173.0,3588,579.15,236.2,5.2452,14924,187.0,1542.0
35.76,682.0,167.5,3663,582.75,236.8,5.238,14826,186.2,1539.6
36.12,685.2,176.4,3636,590.4,240.3,5.2434,14846,188.0,1544.4
35.84,690.96,178.6,3690,580.32,246.3,5.2512,14810,186.1,1564.0
35.8,689.2,179.7,3705,589.5,244.2,5.2554,14928,185.1,1560.4
35.84,691.6,179.6,3570,577.8,246.8,5.2524,15032,191.0,1556.0
37.8,689.2,180.9,3606,570.15,244.2,5.2548,14976,192.4,1563.0
37.8,691.6,175.0,3636,563.85,247.4,5.2518,14946,188.8,1551.2
38.56,691.6,176.5,3624,568.8,248.4,5.253,14906,188.3,1558.8
38.0,690.4,168.5,3603,558.9,250.0,5.2722,15018,192.3,1553.2
35.92,690.8,165.1,3645,560.25,245.6,5.2674,14972,194.8,1564.4
35.4,687.6,161.9,3597,574.2,244.0,5.2728,15050,192.7,1568.4
35.32,685.2,161.1,3699,582.3,249.4,5.2698,15232,193.2,1557.0
34.4,683.2,159.9,3885,573.3,248.5,5.2662,15372,193.2,1546.4
34.6,686.0,157.8,3828,558.0,250.5,5.2752,15390,189.7,1530.0
35.08,687.2,161.1,3759,562.5,260.8,5.2842,15358,189.0,1528.8
34.76,686.8,160.8,3756,573.3,265.0,5.2818,15286,188.6,1528.0
34.64,688.56,161.0,3765,579.15,254.6,5.2776,15424,188.8,1514.8
34.08,691.2,163.0,3783,580.5,274.5,5.2842,15364,191.1,1529.2
34.0,689.6,162.8,3780,578.25,314.0,5.2866,15456,188.3,1533.6
34.28,687.2,162.3,3618,570.24,316.5,5.2848,15362,190.0,1552.2
34.8,684.8,159.8,3585,573.75,320.5,5.2806,15332,192.0,1570.8
35.16,686.8,164.0,3633,576.0,323.0,5.2782,15400,190.6,1574.0
35.04,683.6,166.8,3669,563.85,326.0,5.2932,15356,191.2,1577.0
34.6,682.8,165.6,3519,569.25,331.4,5.2974,15318,194.5,1574.0
34.64,684.0,168.0,3504,566.55,336.0,5.2998,15222,193.5,1565.6
35.72,686.4,165.4,3492,570.51,328.2,5.2956,15192,196.0,1558.8
35.04,684.0,164.3,3570,563.13,328.0,5.3088,15214,200.0,1556.4
35.04,681.2,165.4,3531,566.55,329.8,5.3082,15206,205.0,1544.8
34.96,681.2,163.0,3528,564.75,328.8,5.3124,15110,204.5,1546.0
35.44,682.4,163.4,3522,559.8,324.0,5.319,15168,200.9,1562.8
35.88,682.16,166.6,3435,552.6,326.8,5.3232,15252,201.5,1572.4
35.8,682.0,163.4,3555,551.7,330.0,5.322,15220,199.5,1574.0
35.8,674.8,159.0,3642,555.3,330.4,5.3316,15320,200.5,1572.0
35.76,673.2,157.8,3633,553.59,337.0,5.3412,15444,200.5,1563.2
35.76,666.8,158.0,3630,540.9,336.0,5.3286,15370,200.7,1567.6
35.16,668.4,157.6,3675,534.15,345.5,5.31,15374,201.0,1556.4
34.48,668.8,153.4,3732,536.4,346.6,5.3322,15376,198.5,1565.2
34.4,666.8,153.4,3615,532.35,336.0,5.3232,15334,197.1,1584.0
34.36,665.2,156.6,3576,527.4,335.0,5.286,15342,196.3,1573.8
34.44,673.2,155.6,3609,516.6,337.0,5.2938,15416,194.6,1581.2
34.0,673.2,158.0,3615,515.97,337.4,5.2626,15382,194.0,1580.0
33.28,673.2,159.6,3636,519.75,342.0,5.2932,15396,199.4,1596.8
32.72,679.6,158.7,3663,532.8,339.0,5.2944,15378,204.5,1592.8
33.2,676.4,157.2,3657,519.75,348.2,5.3112,15496,209.7,1538.0
33.0,673.76,154.6,3630,521.37,340.8,5.3064,15432,204.5,1531.6
32.76,674.4,160.8,3672,532.8,330.5,5.268,15400,205.5,1526.0
33.48,674.16,160.8,3657,527.4,332.0,5.2866,15408,205.5,1510.0
33.68,665.2,158.0,3615,507.6,335.5,5.2596,15422,205.0,1519.6
34.52,660.96,156.0,3597,508.5,327.0,5.265,15642,207.2,1506.0
35.44,656.0,153.0,3534,515.25,333.0,5.2716,15542,213.0,1510.8
35.28,657.6,157.0,3495,522.0,333.0,5.2758,15394,210.5,1515.2
35.36,657.6,159.4,3570,514.35,327.2,5.2902,15382,209.5,1488.0
35.84,653.6,162.0,3555,517.5,330.0,5.2896,15432,209.0,1525.6
36.2,651.2,160.5,3645,521.73,330.5,5.2752,15450,209.0,1525.6
36.24,652.0,153.5,3717,515.25,328.6,5.2776,15510,205.8,1519.6
36.04,642.8,154.0,3780,515.25,328.5,5.2626,15540,205.0,1505.0
35.0,648.8,153.1,3690,530.1,329.5,5.2764,15598,204.2,1518.8
36.12,654.0,152.0,3717,533.7,322.6,5.2806,15550,205.5,1512.0
35.36,644.0,151.6,3717,537.3,326.5,5.2608,15432,205.2,1518.0
34.72,639.6,150.0,3744,531.9,319.2,5.2506,15502,203.5,1520.0
34.6,639.6,146.5,3810,530.19,325.0,5.2518,15492,203.9,1533.2
34.52,642.4,149.7,3948,539.1,318.0,5.2494,15564,201.5,1538.8
35.16,633.6,152.0,4002,547.2,324.0,5.2104,15532,196.0,1538.0
34.96,636.8,150.4,3954,545.85,326.0,5.202,15538,196.5,1532.4
34.68,621.6,156.5,3918,536.85,325.5,5.1906,15528,195.0,1531.8
34.88,616.8,156.5,3957,533.25,324.6,5.1444,15526,197.1,1550.0
35.68,611.6,155.7,3903,530.64,318.4,5.145,15662,196.0,1552.4
35.64,614.56,156.9,3951,529.65,313.0,5.1372,15664,198.0,1593.6
35.36,618.0,154.5,3936,530.1,312.1,5.1384,15746,200.4,1604.4
35.04,613.2,156.2,3981,536.4,305.4,5.1378,15820,200.5,1623.6
36.0,617.6,157.1,3876,532.8,310.2,5.1444,15842,199.7,1631.2
